City_ID,City,Lat,Lng,Max Temp,Humidity,Cloudiness,Wind Speed,Country,Date
0,harstad,68.799,16.5293,21.15,73,66,4.05,NO,1712084750
1,nar'yan-mar,67.6713,53.087,-3.89,93,5,8.01,RU,1712084751
2,longyearbyen,78.2186,15.6401,-0.56,65,40,4.61,SJ,1712084752
3,sainte-suzanne,-20.9061,55.6089,77.22,88,75,17.27,RE,1712084753
4,utrik,11.2278,169.8474,79.93,77,100,16.4,MH,1712084753
5,pemba,-12.974,40.5178,81.81,80,100,10.76,MZ,1712084754
6,kodiak,57.79,-152.4072,24.49,46,0,8.14,US,1712084614
7,grytviken,-54.2811,-36.5092,39.49,73,26,7.94,GS,1712084756
8,tromso,69.6496,18.957,24.82,63,75,16.11,NO,1712084757
9,port-aux-francais,-49.35,70.2167,44.53,79,59,30.29,TF,1712084758
10,isafjordur,66.0755,-23.124,27.34,72,33,5.97,IS,1712084759
11,kapuskasing,49.4169,-82.4331,41.09,33,20,13.8,CA,1712084522
12,alice springs,-23.7,133.8833,63.21,54,0,5.01,AU,1712084764
13,tiksi,71.6872,128.8694,-17.88,99,46,8.05,RU,1712084765
14,stanley,54.868,-1.6985,49.59,92,75,2.3,GB,1712084533
15,wailua homesteads,22.0669,-159.378,77.43,73,75,16.11,US,1712084767
16,margaret river,-33.95,115.0667,51.62,83,0,12.77,AU,1712084559
17,puerto ayora,-0.7393,-90.3518,84.16,91,90,8.99,EC,1712084768
18,constantia,44.1833,28.65,65.08,46,100,9.6,RO,1712084532
19,san patricio,28.017,-97.5169,87.75,22,0,15.75,US,1712084769
20,bethel,41.3712,-73.414,47.46,84,100,3.0,US,1712084535
21,tanumah,27.1,44.1333,74.75,15,98,10.11,SA,1712084771
22,qusmuryn,52.4503,64.6311,32.52,93,11,7.7,KZ,1712084772
23,sitka,57.0531,-135.33,39.09,81,75,5.75,US,1712084772
24,al bawiti,28.3492,28.8659,73.06,25,0,14.2,EG,1712084773
25,tazovsky,67.4667,78.7,20.32,95,100,16.64,RU,1712084774
26,dongola,19.1667,30.4833,83.52,13,0,10.02,SD,1712084775
27,badger,64.8,-147.5333,11.98,69,100,6.91,US,1712084666
28,ust-nera,64.5667,143.2,-7.1,95,68,1.97,RU,1712084776
29,tshabong,-26.05,22.45,78.44,47,93,6.24,BW,1712084538
30,bilibino,68.0546,166.4372,-16.85,87,4,4.23,RU,1712084778
31,olonkinbyen,70.9221,-8.7187,23.25,63,80,10.45,SJ,1712084778
32,waitangi,-43.9535,-176.5597,54.82,95,100,1.01,NZ,1712084779
33,warman,52.3168,-106.5679,44.51,52,20,5.75,CA,1712084765
34,caluula,11.9661,50.7569,82.42,75,100,15.64,SO,1712084780
35,bardai,11.65,7.2333,87.26,14,44,3.36,NG,1712084781
36,aasiaat,68.7098,-52.8699,25.93,83,66,5.03,GL,1712084598
37,puerto natales,-51.7236,-72.4875,45.05,49,40,14.97,CL,1712084554
38,adamstown,-25.066,-130.1015,74.98,73,97,27.18,PN,1712084783
39,kill devil hills,36.0307,-75.676,77.0,72,0,17.27,US,1712084726
40,port mathurin,-19.6833,63.4167,79.74,83,100,17.92,MU,1712084785
41,edinburgh of the seven seas,-37.0676,-12.3116,61.05,81,100,17.36,SH,1712084786
42,port lincoln,-34.7333,135.8667,57.58,79,99,4.68,AU,1712084787
43,bredasdorp,-34.5322,20.0403,62.71,79,79,3.6,ZA,1712084787
44,uturoa,-16.7333,-151.4333,83.05,76,14,19.13,PF,1712084788
45,aleksandrovsk-sakhalinskiy,50.8975,142.1561,24.57,96,69,6.44,RU,1712084789
46,kitee,62.1,30.15,32.22,89,100,13.71,FI,1712084790
47,aromashevo,56.8602,68.6375,34.84,91,79,12.75,RU,1712084791
48,minas de marcona,-15.2119,-75.1103,71.56,60,63,11.25,PE,1712084688
49,klyuchi,52.2667,79.1667,33.76,93,96,5.97,RU,1712084793
50,palikir - national government center,6.9248,158.1611,81.34,78,100,9.22,FM,1712084795
51,kununurra,-15.7667,128.7333,78.78,94,40,0.0,AU,1712084713
52,dudinka,69.4058,86.1778,6.67,90,100,5.01,RU,1712084741
53,albunol,36.792,-3.205,58.48,71,48,4.97,ES,1712084799
54,intibuca,14.3167,-88.1667,76.73,50,40,9.22,HN,1712084800
55,windhoek,-22.5594,17.0832,67.42,73,96,1.99,NA,1712084801
56,hawaiian paradise park,19.5933,-154.9731,76.87,84,40,12.66,US,1712084802
57,fort bragg,35.139,-79.006,87.46,47,20,17.27,US,1712084519
58,nyanza,-2.3519,29.7509,60.39,94,100,3.67,RW,1712084803
59,ataq,14.5377,46.8319,75.15,51,100,8.14,YE,1712084804
60,avarua,-21.2078,-159.775,82.45,74,20,4.61,CK,1712084726
61,petropavlovsk-kamchatsky,53.0452,158.6483,27.19,82,75,14.0,RU,1712084806
62,orapa,-21.2833,25.3667,77.23,33,99,12.71,BW,1712084807
63,college,64.8569,-147.8028,11.46,63,100,8.05,US,1712084146
64,manokwari,-0.8667,134.0833,78.21,84,100,5.19,ID,1712084808
65,agat village,13.3886,144.6585,80.71,85,0,9.22,GU,1712084809
66,ribeira grande,38.5167,-28.7,63.0,88,40,23.02,PT,1712084810
67,nadvoitsy,63.8667,34.3167,21.88,85,100,8.77,RU,1712084811
68,coquimbo,-29.9533,-71.3436,64.13,72,20,14.97,CL,1712084674
69,vilyuchinsk,52.9306,158.4028,28.67,79,100,9.51,RU,1712084812
70,chonchi,-42.6128,-73.8092,50.97,81,93,10.09,CL,1712084813
71,tsiombe,-25.3,45.4833,71.76,82,0,15.61,MG,1712084814
72,hammerfest,70.6634,23.6821,19.85,79,75,4.61,NO,1712084586
73,sokhumi,43.0033,41.0153,62.89,61,20,7.29,GE,1712084815
74,nabire,-3.3667,135.4833,76.78,94,100,1.63,ID,1712084816
75,labrador city,52.9463,-66.9114,33.49,97,100,8.77,CA,1712084817
76,blackmans bay,-43.0167,147.3167,46.72,81,100,8.03,AU,1712084818
77,jamestown,42.097,-79.2353,51.53,93,100,12.66,US,1712084819
78,umm ruwaba,12.9061,31.2158,85.46,11,100,10.65,SD,1712084820
79,berdigestyakh,62.0989,126.6992,8.98,98,100,4.5,RU,1712084821
80,guangming,45.3333,122.7833,34.81,37,6,9.04,CN,1712084822
81,monrovia,6.3005,-10.7969,83.97,87,6,4.14,LR,1712084824
82,punta arenas,-53.15,-70.9167,48.22,53,40,19.57,CL,1712084642
83,qaqortoq,60.7167,-46.0333,30.78,65,0,3.74,GL,1712084825
84,iqaluit,63.7506,-68.5145,31.69,92,66,10.0,CA,1712084826
85,enewetak,11.3474,162.3373,80.11,82,100,22.66,MH,1712084827
86,ulladulla,-35.35,150.4667,57.69,69,2,3.62,AU,1712084828
87,nemuro,43.3236,145.575,32.27,75,1,8.61,JP,1712084745
88,sokcho,38.2083,128.5911,45.45,86,100,6.71,KR,1712084831
89,papatowai,-46.5619,169.4708,49.71,87,100,4.18,NZ,1712084832
90,north platte,41.1239,-100.7654,58.89,33,0,30.0,US,1712084697
91,lebu,-37.6167,-73.65,58.46,76,100,10.74,CL,1712084560
92,maluso,6.543,121.8753,79.5,85,6,5.06,PH,1712084835
93,anadyr,64.75,177.4833,7.3,84,75,4.47,RU,1712084835
94,invercargill,-46.4,168.35,46.02,97,100,1.99,NZ,1712084836
95,mocimboa,-11.3167,40.35,77.31,92,99,6.89,MZ,1712084837
96,frontera,26.9333,-101.45,78.55,24,0,9.22,MX,1712084838
97,holualoa,19.6228,-155.9522,75.56,79,40,5.75,US,1712084839
98,chandler,33.3062,-111.8412,69.6,49,20,6.91,US,1712084801
99,ancud,-41.8697,-73.8203,54.61,77,26,21.79,CL,1712084841
100,thunder bay,48.4001,-89.3168,38.1,73,100,8.9,CA,1712084836
101,rajaori,33.3833,74.3,61.56,44,100,5.48,IN,1712084842
102,kavieng,-2.5744,150.7967,81.7,80,100,9.26,PG,1712084843
103,yengema,8.7167,-11.1667,78.28,81,41,3.56,SL,1712084844
104,helensburgh,56.0061,-4.7265,46.45,96,100,4.5,GB,1712084750
105,moron,-34.6534,-58.6198,72.81,60,100,23.0,AR,1712084846
106,ust'-ilimsk,58.0006,102.6619,19.44,94,100,4.0,RU,1712084846
107,ilulissat,69.2167,-51.1,26.62,74,40,5.75,GL,1712084848
108,kargasok,59.0556,80.8572,32.97,100,100,4.0,RU,1712084849
109,saipan,15.1355,145.701,79.5,89,75,11.5,MP,1712084850
110,singkil,-7.9855,111.4161,77.07,95,100,3.38,ID,1712084851
111,mhangura,-16.8939,30.1683,71.6,57,70,2.68,ZW,1712084852
112,port alfred,-33.5906,26.891,62.19,85,28,4.0,ZA,1712084852
113,mandalgovi,45.7625,106.2708,30.18,52,91,7.63,MN,1712084854
114,yellowknife,62.456,-114.3525,30.42,71,76,5.01,CA,1712084854
115,jamiltepec,16.2833,-97.8167,91.74,30,100,10.51,MX,1712084855
116,camiling,15.7,120.4167,71.94,83,13,5.59,PH,1712084856
117,pulandian,39.3953,121.9669,52.03,52,100,9.04,CN,1712084857
118,san antonio de pale,-1.4014,5.6325,84.09,71,67,3.18,GQ,1712084858
119,tolanaro,-25.0319,46.9987,72.86,85,100,13.35,MG,1712084861
120,faversham,51.3148,0.8886,52.18,92,100,14.5,GB,1712084861
121,asaita,11.5636,41.4394,83.68,63,99,17.94,ET,1712084862
122,donaghadee,54.6333,-5.5333,47.12,90,100,1.01,GB,1712084863
123,tazacorte,28.629,-17.9293,68.97,89,20,4.0,ES,1712084864
124,udachny,66.4167,112.4,16.25,87,100,17.43,RU,1712084865
125,olyokminsk,60.3736,120.4264,23.88,94,99,6.53,RU,1712084866
126,keflavik,64.0049,-22.5624,32.43,86,100,20.71,IS,1712084866
127,lamu,-2.2717,40.902,82.02,81,100,11.68,KE,1712084867
128,nizhniy odes,63.6445,54.856,19.11,90,100,8.63,RU,1712084868
129,east london,-33.0153,27.9116,67.84,67,5,11.34,ZA,1712084869
130,karangampel,-6.4622,108.4519,82.06,78,100,4.63,ID,1712084871
131,mossel bay,-34.1831,22.146,63.95,87,100,4.23,ZA,1712084871
132,newman,37.3138,-121.0208,74.05,57,0,5.01,US,1712084872
133,whitehorse,60.7161,-135.0538,33.03,74,100,4.0,CA,1712084873
134,selfoss,63.9331,-20.9971,33.04,81,100,15.59,IS,1712084874
135,talnakh,69.4865,88.3972,4.69,86,100,7.47,RU,1712084677
136,shalqar,47.8333,59.6,50.41,65,76,1.52,KZ,1712084875
137,port elizabeth,-33.918,25.5701,66.09,81,86,5.01,ZA,1712084876
138,st. john's,47.5649,-52.7093,37.27,87,100,18.41,CA,1712084758
139,rome,34.257,-85.1647,82.26,58,75,12.66,US,1712084201
140,castro de rei,42.7167,-7.5667,50.36,97,100,8.41,ES,1712084878
141,happy valley-goose bay,53.3168,-60.3315,36.61,72,86,13.31,CA,1712084879
142,al kharijah,25.4514,30.5464,80.82,24,0,11.16,EG,1712084880
143,vorgashor,67.5833,63.95,15.35,93,100,17.56,RU,1712084881
144,thompson,55.7435,-97.8558,30.36,74,100,2.3,CA,1712084882
145,port alberni,49.2413,-124.8028,53.87,86,100,10.0,CA,1712084882
146,evinayong,1.4368,10.5512,72.93,91,96,1.97,GQ,1712084883
147,ola,59.5833,151.2833,7.43,80,3,8.79,RU,1712084884
148,dryden,49.7833,-92.7503,39.49,48,40,9.22,CA,1712084692
149,ushuaia,-54.8,-68.3,46.06,49,40,12.66,AR,1712084615
150,novyy urgal,51.0736,132.5642,18.91,97,100,1.59,RU,1712084887
151,afaahiti,-17.75,-149.2833,80.47,77,83,19.64,PF,1712084888
152,kruisfontein,-34.0033,24.7314,63.88,82,9,11.34,ZA,1712084889
153,monroe,43.1501,-77.6831,47.44,89,100,16.11,US,1712084846
154,gaalkacyo,6.7697,47.4308,80.73,71,2,17.72,SO,1712084890
155,namibe,-15.1961,12.1522,73.17,85,45,8.81,AO,1712084891
156,mount darwin,-16.7725,31.5838,73.44,59,94,3.56,ZW,1712084893
157,gaigeturi,33.4644,126.3183,61.92,98,100,14.54,KR,1712084893
158,ubari,26.5921,12.7805,80.69,11,5,9.51,LY,1712084894
159,lamia,38.9,22.4333,67.03,64,91,6.22,GR,1712084895
160,kristiansund,63.1115,7.732,33.85,55,20,19.57,NO,1712084896
161,albany,42.6001,-73.9662,48.16,79,100,1.01,US,1712084872
162,makokou,0.5738,12.8642,76.46,82,100,3.09,GA,1712084898
163,atafu village,-8.5421,-172.5159,84.56,74,12,4.61,TK,1712084899
164,presidente medici,-11.1753,-61.9014,77.92,90,84,1.25,BR,1712084899
165,trongsa,27.5026,90.5072,52.02,87,100,1.43,BT,1712084900
166,nadym,65.5333,72.5167,29.91,97,100,21.34,RU,1712084901
167,mokhsogollokh,61.4681,128.9203,0.27,100,93,4.36,RU,1712084902
168,west island,-12.1568,96.8225,80.58,78,40,6.91,CC,1712084902
169,fonte boa,-2.4959,-66.2662,90.18,60,92,2.44,BR,1712084710
170,jeddah,21.5169,39.2192,82.26,65,0,9.22,SA,1712084904
171,rantepao,-2.9701,119.8978,69.62,98,100,2.48,ID,1712084905
172,andalgala,-27.5819,-66.3165,67.93,47,0,6.64,AR,1712084906
173,pingliang,35.5392,106.6861,47.34,58,100,10.67,CN,1712084907
174,kikvidze,50.7416,43.0518,58.57,65,100,15.52,RU,1712084907
175,ndele,8.4109,20.6473,88.79,29,100,2.26,CF,1712084908
176,bac lieu,9.285,105.7244,81.34,71,71,7.83,VN,1712084909
177,sisimiut,66.9395,-53.6735,31.28,77,94,2.86,GL,1712084910
178,korla,41.7597,86.1469,48.99,52,0,3.18,CN,1712084911
179,howrah,22.5892,88.3103,84.2,79,0,5.75,IN,1712084911
180,dakhla,23.6848,-15.958,65.97,83,0,20.89,EH,1712084912
181,katsuura,35.1333,140.3,58.66,76,100,8.77,JP,1712084913
182,crescent city,41.756,-124.2018,61.74,91,100,4.61,US,1712084639
183,cascais,38.6979,-9.4215,61.5,98,75,25.01,PT,1712084914
184,ciudad bolivar,8.1222,-63.5497,93.85,43,97,10.96,VE,1712084712
185,strathalbyn,-35.2667,138.9,58.1,91,93,4.14,AU,1712084916
186,pisco,-13.7,-76.2167,79.02,73,0,8.05,PE,1712084650
187,broken hill,-31.95,141.4333,55.65,70,0,10.58,AU,1712084918
188,lazaro cardenas,17.9583,-102.2,82.62,60,100,10.74,MX,1712084919
189,smolenskoye,52.3044,85.0781,45.05,74,100,4.05,RU,1712084920
190,guangyuan,32.442,105.823,62.96,53,100,7.27,CN,1712084920
191,atherton,53.5237,-2.4935,54.25,71,100,4.0,GB,1712084921
192,saint-louis,16.3333,-15.0,103.19,12,0,14.16,SN,1712084922
193,gadzhiyevo,69.2551,33.3362,4.62,93,16,10.58,RU,1712084794
194,le moule,16.3332,-61.3473,82.18,100,100,4.0,GP,1712084924
195,tanaina,61.6269,-149.4281,23.77,77,100,5.99,US,1712084664
196,tual,-5.6667,132.75,82.31,80,100,10.89,ID,1712084925
197,karratha,-20.7377,116.8463,87.8,42,38,5.77,AU,1712084926
198,tura,25.5198,90.2201,70.43,40,5,5.03,IN,1712084927
199,tabou,4.423,-7.3528,83.16,84,9,8.7,CI,1712084928
200,maturin,9.75,-63.1767,88.56,55,100,12.95,VE,1712084714
201,taoyuan city,24.9937,121.297,79.43,75,20,13.8,TW,1712084931
202,goundam,16.4145,-3.6708,99.27,11,26,10.78,ML,1712084931
203,old town,50.087,14.4202,54.86,57,20,20.71,CZ,1712084932
204,san antonio oeste,-40.7319,-64.9477,76.78,37,100,37.69,AR,1712084933
205,hamilton,39.1834,-84.5333,66.9,93,100,16.11,US,1712084646
206,visby,57.6409,18.296,36.03,100,75,25.32,SE,1712084780
207,crane,31.3974,-102.3501,63.77,26,44,14.81,US,1712084935
208,piti village,13.4626,144.6933,80.65,85,0,9.22,GU,1712084936
209,yaren,-0.5472,166.916,81.32,79,75,3.69,NR,1712084937
210,vilyuysk,63.7553,121.6247,5.16,100,96,3.47,RU,1712084938
211,puerto libertad,-25.9164,-54.6209,89.33,31,10,1.34,AR,1712084939
212,lepsy,46.235,78.9456,44.78,46,74,2.71,KZ,1712084939
213,auki,-8.7676,160.7034,77.94,90,100,5.55,SB,1712084940
214,patur,20.45,76.9333,88.59,21,50,5.66,IN,1712084941
215,la passe,45.5549,-0.8967,55.63,78,100,14.74,FR,1712084942
216,aswan,24.0934,32.907,84.49,20,3,9.37,EG,1712084943
217,mildura,-34.2,142.15,51.08,88,0,6.89,AU,1712084944
218,howard springs,-12.497,131.047,80.51,97,100,5.97,AU,1712084944
219,plettenberg bay,-34.0527,23.3716,61.43,86,93,5.99,ZA,1712084844
220,touros,-5.1989,-35.4608,84.4,75,64,8.03,BR,1712084803
221,kapa'a,22.0752,-159.319,78.78,73,75,16.11,US,1712084947
222,sorong,-0.8833,131.25,80.91,83,100,10.2,ID,1712084948
223,quellon,-43.1167,-73.6167,50.63,83,97,16.84,CL,1712084948
224,lihue,21.9789,-159.3672,78.04,73,75,16.11,US,1712084949
225,kenai,60.5544,-151.2583,26.69,72,40,6.91,US,1712084951
226,gamba,-2.65,10.0,80.8,88,35,5.77,GA,1712084951
227,zhezqazghan,47.7833,67.7667,45.45,68,13,6.71,KZ,1712084952
228,sola,-13.8833,167.55,82.18,83,97,15.17,VU,1712084953
229,zhoushan,30.0108,122.2047,57.36,100,100,3.96,CN,1712084954
230,san miguel,13.4833,-88.1833,100.53,29,1,5.21,SV,1712084954
231,nova sintra,14.8667,-24.7167,67.68,78,0,19.08,CV,1712084955
232,matveyev kurgan,47.5645,38.8695,61.97,48,82,7.72,RU,1712084956
233,abra pampa,-22.7205,-65.697,68.85,25,8,14.29,AR,1712084958
234,pacific grove,36.6177,-121.9166,71.38,70,0,5.75,US,1712084721
235,camana,-16.6228,-72.7111,74.34,68,35,6.87,PE,1712084685
236,carai,-17.1889,-41.6947,72.19,90,100,1.97,BR,1712084960
237,i-n-salah,27.1935,2.4607,84.65,9,0,7.9,DZ,1712084961
238,sao gabriel da cachoeira,-0.1303,-67.0892,90.95,56,98,0.81,BR,1712084887
239,vila velha,-20.3297,-40.2925,85.95,80,20,12.66,BR,1712084948
240,rio grande,-32.035,-52.0986,71.71,66,98,13.53,BR,1712084850
241,cooper's town,26.8667,-77.5167,74.53,76,90,13.06,BS,1712084965
242,ujae,8.9322,165.7642,80.87,71,100,19.06,MH,1712084966
243,severo-yeniseyskiy,60.3725,93.0408,19.58,96,95,4.0,RU,1712084967
244,nacozari viejo,30.4,-109.65,52.75,47,53,6.71,MX,1712084968
245,soio,-6.1349,12.3689,82.29,86,76,7.11,AO,1712084969
246,nikolayevsk-on-amure,53.1406,140.73,13.42,99,100,3.47,RU,1712084970
247,vila franca do campo,37.7167,-25.4333,64.89,99,62,23.26,PT,1712084971
248,colonia,50.9333,6.95,53.96,82,0,5.75,DE,1712084793
249,tamanrasset,22.785,5.5228,84.11,8,0,13.8,DZ,1712084972
250,kamaishi,39.2667,141.8833,41.18,64,93,5.48,JP,1712084973
251,arraial do cabo,-22.9661,-42.0278,80.46,69,0,8.05,BR,1712084974
252,ilula,-7.6766,36.0366,62.98,98,93,4.47,TZ,1712084958
253,iskateley,67.6803,53.1512,-3.98,93,5,8.01,RU,1712084977
254,vadso,70.0744,29.7487,17.76,67,20,17.27,NO,1712084978
255,salacgriva,57.7536,24.3581,42.82,95,100,8.88,LV,1712084978
256,grand falls-windsor,48.9332,-55.6649,36.5,86,98,8.01,CA,1712084979
257,novyy urengoy,66.0833,76.6333,26.11,95,100,20.62,RU,1712084980
258,new norfolk,-42.7826,147.0587,47.91,86,100,2.82,AU,1712084981
259,hjo,58.3013,14.2878,26.58,95,100,16.78,SE,1712084982
260,emerald,-23.5333,148.1667,67.33,87,0,7.31,AU,1712084982
261,zaozersk,69.4005,32.4476,2.95,93,54,8.84,RU,1712084983
262,akureyri,65.6835,-18.0878,20.1,88,11,3.6,IS,1712084984
263,amguri,26.8,94.5333,70.23,82,71,6.04,IN,1712084986
264,bayanhongor,46.7167,100.1167,27.77,44,100,3.89,MN,1712084692
265,lib,8.3122,167.3766,81.28,77,98,18.92,MH,1712084987
266,kaa-khem,51.6833,94.7333,32.41,78,100,1.48,RU,1712084988
267,alofi,-19.0595,-169.9187,82.29,74,80,11.5,NU,1712084989
268,nuuk,64.1835,-51.7216,30.81,86,0,11.5,GL,1712084990
269,jayrud,33.8074,36.7404,65.66,34,6,6.91,SY,1712084990
270,shingu,33.7333,135.9833,59.92,81,100,3.6,JP,1712084991
271,nuevo ideal,24.8875,-105.0728,72.79,8,0,28.7,MX,1712084992
272,zayed city,24.3768,54.589,79.0,64,0,3.44,AE,1712084993
273,belyy yar,53.6039,91.3903,35.49,80,100,0.0,RU,1712084994
274,port douglas,-16.4833,145.4667,76.55,87,59,8.55,AU,1712084995
275,general pinedo,-27.3167,-61.2833,81.82,59,86,4.94,AR,1712084996
276,anadarko,35.0726,-98.2437,57.2,50,65,20.67,US,1712084996
277,muscatine,41.4667,-91.1335,33.98,84,100,14.97,US,1712084704
278,xucheng,20.35,110.1288,74.97,82,0,13.78,CN,1712085001
279,kasongo-lunda,-6.4667,16.8167,72.97,92,100,0.6,CD,1712085002
280,cabo san lucas,22.8909,-109.9124,80.62,49,0,4.61,MX,1712084740
281,quarai,-30.3875,-56.4514,75.22,65,79,8.16,BR,1712085004
282,kingston,17.997,-76.7936,86.95,64,20,23.02,JM,1712084769
283,queenstown,-31.8976,26.8753,57.24,75,35,5.57,ZA,1712085007
284,nizwa,22.9333,57.5333,79.56,32,97,3.4,OM,1712085008
285,fort mcmurray,56.7268,-111.381,53.04,43,100,9.1,CA,1712085010
286,huangpi,30.8845,114.3779,56.03,88,100,11.63,CN,1712085011
287,fortuna,40.5982,-124.1573,58.98,89,100,10.36,US,1712085012
288,nguigmi,14.2495,13.1092,87.48,19,96,3.94,NE,1712085012
289,banff,51.1762,-115.5698,50.11,67,20,8.46,CA,1712085013
290,walvis bay,-22.9575,14.5053,59.09,82,4,3.94,NA,1712085014
291,el calafate,-50.3408,-72.2768,43.81,69,88,4.45,AR,1712085015
292,puntarenas,9.9763,-84.8384,91.38,34,8,8.59,CR,1712085016
293,barra de santo antonio,-9.4047,-35.5072,85.28,71,94,8.59,BR,1712085017
294,gurupi,-11.7292,-49.0686,87.17,63,100,3.04,BR,1712084976
295,richfield,44.8833,-93.283,40.35,84,100,13.8,US,1712085019
296,puerto aysen,-45.4,-72.7,42.58,100,100,4.43,CL,1712084789
297,salinopolis,-0.6136,-47.3561,83.79,76,98,9.89,BR,1712084785
298,bambanglipuro,-7.95,110.2833,78.19,92,99,5.53,ID,1712085021
299,catemaco,18.4167,-95.1167,97.41,34,6,12.53,MX,1712085022
300,taro,-8.3862,115.28,77.0,95,76,0.25,ID,1712085023
301,kati,12.7441,-8.0726,105.21,13,84,6.13,ML,1712085023
302,hithadhoo,-0.6,73.0833,83.1,77,100,7.58,MV,1712085024
303,sanghar,26.0466,68.9481,79.81,45,100,14.47,PK,1712084897
304,ulaangom,49.9811,92.0667,21.9,91,95,2.8,MN,1712085026
305,jindabyne,-36.4167,148.6333,43.61,95,7,3.04,AU,1712085028
306,juan de ayolas,-27.4,-56.9,92.32,43,15,3.71,PY,1712084824
307,seven pagodas,12.6264,80.1722,84.25,83,66,8.97,IN,1712085030
308,kailua-kona,19.6406,-155.9956,79.29,76,40,5.75,US,1712084745
309,ishigaki,24.3448,124.1572,76.91,88,99,22.26,JP,1712084905
310,ziguinchor,12.5833,-16.2719,84.4,37,8,13.96,SN,1712085033
311,saint-philippe,-21.3585,55.7679,76.59,83,100,16.58,RE,1712085034
312,masterton,-40.9597,175.6575,48.09,97,16,3.09,NZ,1712085035
313,joshimath,30.5667,79.5667,51.57,60,100,6.33,IN,1712085036
314,razole,16.4833,81.8333,78.55,94,0,4.05,IN,1712085036
315,codrington,-38.2667,141.9667,54.07,89,24,5.21,AU,1712085037
316,fauske,67.2588,15.3918,21.24,83,4,7.54,NO,1712085038
317,kamennomostskoye,43.7372,43.0514,54.41,62,18,4.21,RU,1712084788
318,road town,18.4167,-64.6167,82.44,65,20,12.66,VG,1712084915
319,puerto armuelles,8.2833,-82.8667,91.38,54,72,1.01,PA,1712085041
320,camiri,-20.05,-63.5167,86.58,51,47,6.04,BO,1712085042
321,contamana,-7.3333,-75.0167,91.24,55,31,3.24,PE,1712085043
322,ormara,25.2088,64.6357,76.35,82,6,13.89,PK,1712085044
323,rawai,7.7797,98.3253,89.98,65,40,9.4,TH,1712085047
324,gobernador virasora,-28.05,-56.0333,87.04,73,7,1.99,AR,1712085047
325,uttar char fasson,22.2332,90.7132,80.94,91,0,9.78,BD,1712085048
326,qamdo,31.1667,97.2333,30.51,65,81,5.97,CN,1712085049
327,pangody,65.85,74.4859,26.98,96,100,20.51,RU,1712085050
328,villa huidobro,-34.8383,-64.5869,78.94,31,7,20.42,AR,1712085051
329,namdrik,5.5994,168.1028,82.11,78,95,18.95,MH,1712085052
330,irymple,-34.25,142.1667,51.1,88,0,6.87,AU,1712085054
331,aksu,41.1231,80.2644,49.84,39,5,4.45,CN,1712085054
332,yanggu,36.1106,115.7753,50.54,50,100,15.21,CN,1712085055
333,saynshand,44.8824,110.1163,37.15,46,31,14.05,MN,1712085056
334,dongcun,36.7767,121.1597,53.19,93,100,10.27,CN,1712085057
335,georgetown,5.4112,100.3354,85.95,79,20,2.3,MY,1712084892
336,saguenay,48.4168,-71.0657,47.08,42,75,3.0,CA,1712085058
337,mar del plata,-38.0023,-57.5575,70.52,51,75,18.99,AR,1712084882
338,shimanovsk,52.0,127.7,24.08,88,47,4.92,RU,1712085060
339,neyriz,29.1988,54.3278,60.08,43,91,5.93,IR,1712085061
340,natal,-5.795,-35.2094,86.65,70,75,11.5,BR,1712085056
341,lae,-6.7221,146.9847,78.49,87,100,3.53,PG,1712085063
342,luena,-11.7833,19.9167,65.03,94,100,0.81,AO,1712085064
343,kiunga,-6.1219,141.2906,74.39,100,100,2.13,PG,1712085066
344,wenchang,30.904,118.4887,66.09,97,100,10.49,CN,1712085067
345,pyhajarvi,67.0701,27.2176,3.7,94,96,4.21,FI,1712085067
346,borogontsy,62.6683,131.1683,-5.51,100,100,3.15,RU,1712085068
347,bandarbeyla,9.4942,50.8122,81.84,72,64,10.6,SO,1712085069
348,chibougamau,49.9168,-74.3659,35.22,44,0,10.36,CA,1712084794
349,beau vallon,-20.4189,57.6953,78.22,82,100,19.3,MU,1712085070
350,tionk essil,12.7856,-16.5217,78.62,49,11,15.84,SN,1712085071
351,colonia general alfredo stroessner,-25.3667,-55.7,90.07,42,98,1.36,PY,1712085072
352,qui nhon,13.7667,109.2333,77.5,88,10,11.34,VN,1712085073
353,alvaraes,-3.2208,-64.8042,91.27,85,99,2.08,BR,1712084800
354,merritt,50.1123,-120.7942,62.33,41,97,4.0,CA,1712085075
355,tarfaya,27.9358,-12.9218,65.84,72,0,15.21,MA,1712085076
356,flin flon,54.7682,-101.865,37.36,88,95,6.35,CA,1712084885
357,hadibu,12.65,54.0333,81.07,73,76,8.61,YE,1712085078
358,beira,-19.8436,34.8389,77.67,85,6,6.96,MZ,1712085079
359,port-cartier,50.0334,-66.8654,38.75,99,100,8.97,CA,1712085080
360,copala,16.65,-98.9833,86.67,54,57,11.95,MX,1712085081
361,marinette,45.1,-87.6307,37.49,87,100,20.71,US,1712085082
362,jhalu,29.35,78.25,70.74,21,100,7.81,IN,1712085083
363,kouango,4.9934,19.9619,83.12,56,79,4.16,CF,1712085086
364,colon,9.3592,-79.9014,85.06,64,74,8.84,PA,1712085087
365,guayos,22.0489,-79.4608,93.7,29,28,12.53,CU,1712085088
366,viedma,-40.8135,-62.9967,68.77,32,100,28.3,AR,1712085088
367,manismata,-2.4667,111.0333,75.58,98,35,1.25,ID,1712085089
368,wellington,-41.2866,174.7756,57.06,91,100,11.5,NZ,1712085017
369,weno,7.4515,151.8468,82.49,79,100,18.72,FM,1712085091
370,rosarito,32.3333,-117.0333,74.53,61,0,8.25,MX,1712085004
371,chui,-33.6971,-53.4616,67.89,57,9,10.42,UY,1712085093
372,nako,31.8814,78.627,20.86,90,95,0.65,IN,1712085094
373,remire-montjoly,4.9167,-52.2667,87.84,70,75,13.8,GF,1712085061
374,smithers,54.7804,-127.1743,48.52,37,40,13.8,CA,1712084428
375,jiaojiang,28.6803,121.4428,63.63,98,63,5.1,CN,1712085096
376,murghob,38.1702,73.9667,20.23,55,100,5.35,TJ,1712085097
377,aurangabad,19.8833,75.3333,85.91,22,100,13.91,IN,1712085098
378,sur,22.5667,59.5289,80.62,46,72,2.28,OM,1712085098
379,villanueva,15.3167,-88.0,101.39,27,20,11.5,HN,1712085099
380,atlantic city,39.3643,-74.4229,47.17,94,100,14.97,US,1712084884
381,lompoc,34.6391,-120.4579,74.84,57,0,8.05,US,1712084930
382,funafuti,-8.5243,179.1942,80.6,89,40,0.0,TV,1712085102
383,nova vicosa,-17.8919,-39.3719,82.18,71,90,5.82,BR,1712084992
384,souillac,-20.5167,57.5167,77.34,85,100,18.32,MU,1712085104
385,ghadamis,30.1337,9.5007,80.64,19,100,18.07,LY,1712085104
386,hermanus,-34.4187,19.2345,56.8,76,34,7.23,ZA,1712085105
387,raja,8.4596,25.678,91.31,20,100,2.19,SS,1712085106
388,lianzhou,24.7811,112.3825,72.91,97,53,4.23,CN,1712085107
389,boguchany,58.3814,97.4531,24.85,95,99,3.0,RU,1712085108
390,koungheul,13.9833,-14.8,106.25,11,1,9.01,SN,1712085108
391,chokwe,-24.5333,32.9833,72.63,85,6,5.57,MZ,1712084896
392,salalah,17.0151,54.0924,80.69,69,0,2.3,OM,1712085110
393,mount pearl,47.5166,-52.7813,36.45,86,100,18.41,CA,1712085111
394,pechora,65.1472,57.2244,16.86,91,100,10.0,RU,1712085111
395,chimoio,-19.1164,33.4833,65.84,97,8,2.04,MZ,1712085043
396,sanya,18.2431,109.505,77.41,89,48,5.28,CN,1712085113
397,yuzhno-kurilsk,44.0306,145.8556,28.38,88,6,5.26,RU,1712085114
398,saint-pierre,-21.3393,55.4781,76.68,83,100,20.71,RE,1712085115
399,isla mujeres,21.2311,-86.731,86.16,74,93,19.35,MX,1712085115
400,burela de cabo,43.65,-7.4,58.17,84,71,13.6,ES,1712085116
401,al jubayl,27.0112,49.6583,72.72,64,3,4.14,SA,1712085117
402,northam,51.0333,-4.2167,56.66,95,100,15.57,GB,1712085118
403,mount isa,-20.7333,139.5,74.97,73,83,14.97,AU,1712085118
404,cambria,35.5641,-121.0808,73.42,63,0,4.92,US,1712084945
405,tofol,5.3248,163.0078,82.26,80,100,22.5,FM,1712085120
406,pandan,14.0453,124.1694,78.42,81,99,9.55,PH,1712085121
407,patterson,37.4716,-121.1297,71.74,56,0,6.4,US,1712085122
408,kodinar,20.7903,70.7031,77.43,64,100,10.76,IN,1712085123
409,belmonte,-15.8631,-38.8828,82.51,82,100,5.03,BR,1712085124
410,portland,45.5234,-122.6762,70.34,58,0,3.0,US,1712084923
411,soc trang,9.6033,105.98,79.56,73,18,5.28,VN,1712085126
412,nogliki,51.8333,143.1667,19.35,93,74,5.99,RU,1712085126
413,port hedland,-20.3167,118.5667,84.25,42,40,8.05,AU,1712085127
414,ad dawadimi,24.5077,44.3924,63.75,66,100,14.72,SA,1712085128
415,caleta de carquin,-11.0925,-77.6267,75.81,73,18,10.07,PE,1712085129
416,usogorsk,63.4106,48.6872,20.66,92,60,6.35,RU,1712085130
417,dhidhdhoo,6.8833,73.1,84.29,74,50,5.97,MV,1712085130
418,maragogi,-9.0122,-35.2225,85.15,69,41,9.53,BR,1712084917
419,kuytun,54.3419,101.5036,20.21,86,98,7.16,RU,1712085132
420,sao jose da coroa grande,-8.8978,-35.1478,85.35,69,50,9.4,BR,1712084893
421,ruteng,-8.6136,120.4721,63.9,91,100,1.99,ID,1712085134
422,egilsstadir,65.2653,-14.3948,26.51,63,75,5.75,IS,1712085135
423,cruzeiro do sul,-29.5128,-51.9853,74.52,82,100,6.13,BR,1712085135
424,whakatane,-37.9585,176.9854,61.52,99,100,1.01,NZ,1712085136
425,sassandra,4.95,-6.0833,82.58,85,6,8.61,CI,1712085137
426,yakeshi,49.2833,120.7333,21.2,96,99,7.4,CN,1712085139
427,eureka,40.8021,-124.1637,72.68,79,9,5.99,US,1712084955
428,port isabel,26.0734,-97.2086,85.03,34,0,21.85,US,1712085141
429,huilong,31.8111,121.655,62.19,100,100,7.99,CN,1712085142
430,balanga,14.7167,120.45,71.69,80,80,5.23,PH,1712085143
431,prieska,-29.6641,22.7474,76.19,32,0,7.07,ZA,1712085143
432,kuta,-8.7233,115.1723,84.15,88,40,2.3,ID,1712085144
433,cabedelo,-6.9811,-34.8339,88.47,73,22,11.05,BR,1712085146
434,quibala,-10.7337,14.98,66.24,96,100,1.48,AO,1712085147
435,coahuayana de hidalgo,18.7,-103.6583,89.04,48,67,8.59,MX,1712085147
436,tan-tan,28.438,-11.1032,64.29,65,0,16.02,MA,1712085148
437,bandrele,-12.9067,45.1914,82.15,89,20,5.75,YT,1712085149
438,kuqa,41.7278,82.9364,49.91,39,67,2.26,CN,1712085150
439,puerto baquerizo moreno,-0.9,-89.6,83.39,89,20,6.91,EC,1712085008
440,vorkuta,67.5,64.0,16.0,93,100,17.78,RU,1712085152
441,sittwe,20.15,92.9,79.93,86,15,2.44,MM,1712085153
442,acworth,34.0659,-84.6769,79.5,59,75,11.5,US,1712085153
443,yoichi,43.2039,140.7703,34.18,76,40,10.09,JP,1712085154
444,datong,40.0936,113.2914,45.57,73,100,7.61,CN,1712085155
445,lianshan,40.7643,120.8533,49.28,29,100,16.22,CN,1712085156
446,buala,-8.145,159.5921,79.66,89,100,10.09,SB,1712085156
447,iquique,-20.2208,-70.1431,71.46,68,7,3.31,CL,1712085157
448,taoudenni,22.6783,-3.9836,96.93,12,0,11.88,ML,1712085158
449,kourou,5.1552,-52.6478,87.85,71,39,9.33,GF,1712085160
450,meadow lakes,61.6247,-149.6011,24.19,75,100,3.44,US,1712085161
451,puerto deseado,-47.7503,-65.8938,49.73,73,100,9.46,AR,1712085161
452,piacabucu,-10.4056,-36.4344,86.09,67,33,8.7,BR,1712084919
453,fale old settlement,-9.3852,-171.2468,84.61,73,25,4.52,TK,1712085163
454,qarah zia' od din,38.8915,45.0255,49.06,40,1,2.33,IR,1712085165
455,labytnangi,66.6572,66.4183,25.07,96,92,6.87,RU,1712085165
456,brookings,44.3114,-96.7984,51.12,51,40,24.16,US,1712085060
457,campbell river,50.0163,-125.2446,52.59,96,100,4.23,CA,1712084985
458,pasuquin,18.3328,120.6177,76.95,94,20,3.44,PH,1712085168
459,cantonment,31.5239,74.3764,73.38,56,31,3.44,PK,1712085169
460,abepura,-2.6333,140.5833,76.01,100,40,2.3,ID,1712085170
461,alpena,45.0617,-83.4327,41.25,83,100,13.8,US,1712085170
462,jiayuguan,39.8167,98.3,47.21,38,100,12.59,CN,1712085171
463,tanout,14.9709,8.8879,91.58,8,71,10.38,NE,1712085172
464,arkhangel'sk,64.5401,40.5433,25.12,73,20,6.71,RU,1712085097
465,mahibadhoo,3.7833,72.9667,83.71,70,100,3.42,MV,1712085174
466,chifeng,42.2683,118.9636,40.93,26,100,5.06,CN,1712085175
467,chachapoyas,-6.2317,-77.869,57.18,96,100,1.21,PE,1712085175
468,afif,23.9065,42.9172,62.94,76,93,17.0,SA,1712085176
469,cabinda,-5.55,12.2,82.62,85,52,7.2,AO,1712085177
470,lerwick,60.1545,-1.1494,41.0,66,100,31.05,GB,1712085178
471,jungapeo de juarez,19.45,-100.4833,84.81,30,100,8.81,MX,1712085179
472,labasa,-16.4167,179.3833,79.32,91,79,7.23,FJ,1712085180
473,popondetta,-8.7537,148.2534,75.07,89,100,2.01,PG,1712085181
474,nagqu,31.5,92.0,33.62,22,100,6.02,CN,1712085181
475,laguna,38.421,-121.4238,72.97,51,0,10.36,US,1712085182
476,miracema do tocantins,-9.5618,-48.3967,91.54,50,100,2.77,BR,1712085184
477,pahrump,36.2083,-115.9839,67.51,30,0,8.01,US,1712085185
478,el bayadh,33.6832,1.0193,63.1,24,8,10.07,DZ,1712085186
479,ibusuki,31.2333,130.65,63.25,97,100,7.54,JP,1712085187
480,nyzhni sirohozy,46.8484,34.3804,57.51,60,100,13.51,UA,1712085189
481,maxixe,-23.8597,35.3472,75.02,94,20,3.44,MZ,1712085190
482,wakkanai,45.4094,141.6739,38.21,82,45,16.69,JP,1712085191
483,champerico,14.3,-91.9167,99.14,61,9,12.53,GT,1712085191
484,velikovechnoye,44.934,39.755,67.32,52,86,4.61,RU,1712085192
485,ochakiv,46.6128,31.5498,55.72,58,100,14.07,UA,1712085193
486,ghat,24.9647,10.1728,85.35,9,0,13.33,LY,1712085194
487,khedbrahma,24.0333,73.05,80.74,26,100,4.47,IN,1712085195
488,carloforte,39.145,8.3058,58.23,82,19,0.81,IT,1712085196
489,isyangulovo,52.1909,52.1909,44.67,82,9,9.13,RU,1712085197
490,canutama,-6.5339,-64.3831,91.99,54,97,1.81,BR,1712085198
491,guayaramerin,-10.8368,-65.3614,92.21,49,94,2.3,BO,1712085199
492,midvagur,62.0511,-7.1939,38.23,52,100,12.66,FO,1712085200
493,pontes e lacerda,-15.2261,-59.3353,90.84,53,82,6.4,BR,1712085085
494,lospalos,-8.5186,127.0025,72.72,91,100,1.61,TL,1712085202
495,mount gambier,-37.8333,140.7667,54.55,90,86,3.27,AU,1712085203
496,kabompo,-13.5927,24.2008,67.14,94,100,3.62,ZM,1712085204
497,brandenburg an der havel,52.4167,12.55,54.91,79,83,14.83,DE,1712085204
498,samarinda,-0.5,117.15,73.54,95,28,1.97,ID,1712085205
499,tommot,58.9564,126.2925,13.91,98,100,3.47,RU,1712085208
500,amuntai,-2.4177,115.2494,75.56,97,100,1.79,ID,1712085209
501,smederevo,44.6628,20.93,50.07,79,100,14.83,RS,1712085210
502,banda aceh,5.5577,95.3222,81.88,80,17,4.25,ID,1712085211
503,saa,4.3667,11.45,77.16,76,100,4.74,CM,1712085080
504,kempston hardwick,52.0896,-0.4991,50.5,54,100,1.99,GB,1712085213
505,aioun,16.6614,-9.6149,101.66,11,0,8.55,MR,1712085213
506,vallenar,-28.5708,-70.7581,70.59,40,0,10.94,CL,1712085214
507,wotho,10.1657,166.0102,80.51,78,100,18.19,MH,1712085215
508,porto novo,6.4965,2.6036,87.62,80,78,10.76,BJ,1712085216
509,socorro,31.6546,-106.3033,60.37,38,75,4.61,US,1712085216
510,nouadhibou,20.931,-17.0347,69.78,68,0,20.71,MR,1712085217
511,zakynthos,37.7914,20.8953,63.64,80,86,9.28,GR,1712085099
512,fandrandava,-21.5208,47.2453,62.11,99,100,6.31,MG,1712085219
513,oranjemund,-28.55,16.4333,61.34,83,21,14.58,NA,1712085219
514,lorengau,-2.0226,147.2712,81.07,83,63,5.88,PG,1712085220
515,trairi,-3.2778,-39.2689,83.23,80,92,4.5,BR,1712084991
516,el granada,37.5027,-122.4694,75.58,71,0,6.91,US,1712085222
517,bowen,-20.0167,148.2333,72.57,92,11,7.61,AU,1712085022
518,polyarnyy,69.1989,33.4478,4.89,93,14,9.51,RU,1712085223
519,mercedes,-34.6515,-59.4307,72.64,39,100,12.44,AR,1712084942
520,santa maria,-29.6842,-53.8069,72.84,72,95,6.17,BR,1712084960
521,sainte-rose,16.3324,-61.6979,82.18,88,100,5.75,GP,1712084954
522,saldanha,-33.0117,17.9442,61.03,81,100,17.54,ZA,1712085230
523,livingston,55.9029,-3.5226,46.47,99,100,9.22,GB,1712085198
524,basco,20.4487,121.9702,79.97,84,96,24.16,PH,1712085231
525,kimbe,-5.5502,150.1429,77.65,93,100,1.66,PG,1712085232
526,leh,34.1667,77.5833,19.42,73,100,1.14,IN,1712085233
527,roses,42.262,3.1769,60.01,64,100,14.0,ES,1712085233
528,qarazhal,48.0078,70.7903,42.31,82,86,6.44,KZ,1712085234
529,filadelfia,39.9523,-75.1638,47.28,96,100,12.66,US,1712085180
530,grand-bassam,5.2118,-3.7388,85.96,83,100,8.57,CI,1712085235
531,xai-xai,-25.0519,33.6442,73.13,90,4,6.38,MZ,1712085236
532,antonio enes,-16.2325,39.9086,78.73,83,6,4.36,MZ,1712085237
533,igarka,67.4667,86.5833,17.94,96,100,9.69,RU,1712085238
534,villarrobledo,39.2699,-2.6012,55.78,57,100,10.6,ES,1712085239
535,leua,48.2156,18.6071,53.49,70,21,10.67,SK,1712085239
536,saint-joseph,-21.3667,55.6167,75.58,83,100,17.27,RE,1712085240
537,santiago de cao,-7.9589,-79.2392,73.53,78,19,11.5,PE,1712085241
538,flying fish cove,-10.4217,105.6791,80.28,94,100,8.05,CX,1712085242
539,cheboksary,56.1322,47.2519,48.79,81,0,6.71,RU,1712085242
540,aykhal,66.0,111.5,13.95,89,100,20.09,RU,1712085243
541,buka,40.8108,69.1986,53.55,67,100,4.05,UZ,1712085245
542,magdagachi,53.45,125.8,22.57,88,98,5.39,RU,1712085246
543,bushehr,28.9684,50.8385,68.09,73,0,4.61,IR,1712085247
544,kinablangan,7.6947,126.5503,78.08,80,12,1.45,PH,1712085247
545,jiagedaqi,50.4167,124.1167,20.23,97,33,3.6,CN,1712085248
546,kandahar,31.0,65.75,60.67,24,16,11.39,AF,1712085250
547,catamayo,-3.9833,-79.35,72.72,77,75,8.99,EC,1712085251
548,riyadh,24.6877,46.7219,75.34,31,100,5.17,SA,1712084488
549,ebon,4.582,168.6964,81.95,81,100,14.81,MH,1712085252
550,jeremoabo,-10.075,-38.4808,89.15,49,100,5.17,BR,1712085224
551,luderitz,-26.6481,15.1594,64.78,72,0,7.16,NA,1712085254
552,dunedin,-45.8742,170.5036,49.8,96,98,7.0,NZ,1712085239
553,nanning,22.8167,108.3167,78.78,74,0,10.76,CN,1712085255
554,hirara,24.8,125.2833,77.27,94,75,18.41,JP,1712085256
555,fort st. john,56.2499,-120.8529,53.24,50,100,17.47,CA,1712085026
556,talwandi bhai,30.85,74.9333,70.72,29,24,2.33,IN,1712085258
557,acapulco de juarez,16.8634,-99.8901,82.22,74,0,12.66,MX,1712085238
558,george town,5.4112,100.3354,85.95,79,20,2.3,MY,1712085003
559,haiku-pauwela,20.9219,-156.3051,77.22,76,40,19.57,US,1712085260
560,bichena,10.45,38.2,61.03,42,89,6.15,ET,1712085261
561,mili,6.0815,171.735,82.13,79,100,17.22,MH,1712085262
562,malvan,16.0667,73.4667,79.02,77,13,12.44,IN,1712085263
563,sinjai,-5.1241,120.253,75.81,91,100,3.94,ID,1712085264
564,la'ie,21.6477,-157.9253,80.56,73,42,11.99,US,1712085171
565,lampang,18.3333,99.5,82.27,54,5,1.48,TH,1712085266
566,turpan,42.9333,89.1667,55.36,42,3,2.1,CN,1712085266
567,ramiriqui,5.4002,-73.3354,64.29,79,97,4.47,CO,1712085267
568,san mariano,7.5,126.0,69.69,95,11,2.44,PH,1712085268
569,sukumo,32.9333,132.7333,60.01,95,100,6.93,JP,1712085269
570,corner brook,48.9667,-57.9484,39.36,79,100,11.1,CA,1712085270
571,khandyga,62.6667,135.6,-0.26,99,100,2.28,RU,1712085271
572,port macquarie,-31.4333,152.9167,62.89,78,7,11.25,AU,1712085030
573,al muwayh,22.4333,41.7583,69.01,60,44,14.85,SA,1712085273
574,ivdel',60.6911,60.4206,45.19,97,100,5.99,RU,1712085274
575,sharypovo,55.5403,89.2008,38.25,83,100,7.0,RU,1712085275
576,zagon,45.7667,26.1167,47.19,81,99,12.48,RO,1712085275
577,kulhudhuffushi,6.6221,73.07,84.16,74,97,6.76,MV,1712085278
578,hobyo,5.3505,48.5268,83.75,75,10,14.32,SO,1712085279
579,tanjung pandan,-2.75,107.65,78.37,90,82,3.0,ID,1712085280
580,santana,-0.0583,-51.1817,91.58,66,75,11.5,BR,1712085280
